{
  "cnn_custom": {
    "accuracy": 0.8325581395348837,
    "precision_weighted": 0.8553040153480393,
    "recall_weighted": 0.8325581395348837,
    "f1_weighted": 0.8337731865041051
  },
  "cnn_efficientnet": {
    "accuracy": 0.018604651162790697,
    "precision_weighted": 0.00034613304488912924,
    "recall_weighted": 0.018604651162790697,
    "f1_weighted": 0.0006796219602845917
  },
  "sk_svm_rbf": {
    "best_params": {
      "svm_rbf__C": 2,
      "svm_rbf__gamma": 0.01
    },
    "val_accuracy": 0.7302325581395349,
    "val_f1_weighted": 0.7344435241627368,
    "test_accuracy": 0.7953488372093023,
    "test_precision_weighted": 0.8639571244278194,
    "test_recall_weighted": 0.7953488372093023,
    "test_f1_weighted": 0.7994106091223087
  },
  "sk_random_forest": {
    "best_params": {
      "randomforestclassifier__max_depth": null,
      "randomforestclassifier__min_samples_split": 2
    },
    "val_accuracy": 0.7767441860465116,
    "val_f1_weighted": 0.778015438502101,
    "test_accuracy": 0.8186046511627907,
    "test_precision_weighted": 0.829787730393809,
    "test_recall_weighted": 0.8186046511627907,
    "test_f1_weighted": 0.8115524808286653
  },
  "sk_knn": {
    "best_params": {
      "knn__n_neighbors": 3
    },
    "val_accuracy": 0.7534883720930232,
    "val_f1_weighted": 0.7569679026354462,
    "test_accuracy": 0.7953488372093023,
    "test_precision_weighted": 0.8159651636982274,
    "test_recall_weighted": 0.7953488372093023,
    "test_f1_weighted": 0.7963173074895875
  },
  "sk_logreg": {
    "best_params": {
      "logreg__C": 1.0
    },
    "val_accuracy": 0.7488372093023256,
    "val_f1_weighted": 0.7463778506124538,
    "test_accuracy": 0.8,
    "test_precision_weighted": 0.8109781723505743,
    "test_recall_weighted": 0.8,
    "test_f1_weighted": 0.7995927429785763
  }
}